{
"lengthUnit": "mil",
"components": {
	"fields": ["COMPONENT_NO", "COMPONENT_NAME", "LAYER", "X_COORDINATE", "Y_COORDINATE", "ANGLE"],
	"rows": [
		[1, "A", "T", 1669.28, 417.36, 0],
		[2, "B", "T", 2118.08, 519.66, 0],
		[3, "C1", "B", 874.01, 2374.01, 90],
		[4, "C2", "B", 2350.39, 1149.6, 90],
		[5, "C3", "B", 2200.78, 1149.6, 90],
		[6, "CHR", "T", 1259.84, 421.26, 0],
		[7, "D1", "B", 2374.01, 374.01, 90],
		[8, "D2", "B", 1921.26, 2259.84, 0],
		[9, "DOWN", "T", 622.05, 409.45, 0],
		[10, "FULL", "T", 1259.84, 547.24, 0],
		[11, "J1", "B", 1267.71, 2299.21, 0],
		[12, "LEFT", "T", 385.83, 645.67, 0],
		[13, "Q1", "B", 2232.28, 169.29, 90],
		[14, "R1", "B", 2086.61, 271.65, 270],
		[15, "R2", "B", 2204.72, 1633.86, 0],
		[16, "R3", "B", 2200.78, 1854.33, 0],
		[17, "R4", "B", 2200.78, 1984.25, 180],
		[18, "R5", "B", 2405.51, 1503.93, 270],
		[19, "R6", "T", 1429.13, 763.78, 90],
		[20, "R7", "T", 1429.13, 586.61, 90],
		[21, "RESET", "T", 1259.88, 1055.16, 0],
		[22, "RIGHT", "T", 858.27, 653.54, 0],
		[23, "SD", "T", 1259.84, 673.23, 0],
		[24, "SW1", "B", 2027.56, 2448.81, 0],
		[25, "TF1", "B", 500, 2370.07, 0],
		[26, "U1", "B", 1003.93, 1629.92, 0],
		[27, "U2", "T", 2377.95, 1996.06, 270],
		[28, "U3", "B", 2204.72, 1444.88, 270],
		[29, "U4", "B", 2401.57, 755.9, 270],
		[30, "UP", "T", 622.05, 881.89, 0],
		[31, "USR", "T", 1259.84, 799.21, 0],
		[32, "X", "T", 1669.28, 834.66, 0],
		[33, "Y", "T", 2118.08, 936.96, 0],
		[34, "PAD1", "B", 2086.61, 7.87, 0],
		[35, "PAD2", "B", 2086.61, -94.49, 0]
	]
},
"pins": {
	"fields": ["PIN_NO", "PIN_NAME", "PIN_X", "PIN_Y", "LAYER", "PIN_TYPE", "NET_NAME", "NET_TYPE", "PAD_SHAPE", "PAD_SIZEX", "PAD_SIZEY", "HOLE_SIZE", "PAD_ANGLE"],
	"rows": [
		[1, "A_1", 1551.17, 490.19, "T", "SMD", "A", "", "R", 62.2, 31.5, 0, 0],
		[2, "A_2", 1787.39, 490.19, "T", "SMD", "A", "", "R", 62.2, 31.5, 0, 0],
		[3, "A_3", 1551.17, 344.53, "T", "SMD", "GND", "GND", "R", 62.2, 31.5, 0, 0],
		[4, "A_4", 1787.39, 344.53, "T", "SMD", "GND", "GND", "R", 62.2, 31.5, 0, 0],
		[5, "B_1", 1999.97, 592.49, "T", "SMD", "B", "", "R", 62.2, 31.5, 0, 0],
		[6, "B_2", 2236.19, 592.49, "T", "SMD", "B", "", "R", 62.2, 31.5, 0, 0],
		[7, "B_3", 1999.97, 446.83, "T", "SMD", "GND", "GND", "R", 62.2, 31.5, 0, 0],
		[8, "B_4", 2236.19, 446.83, "T", "SMD", "GND", "GND", "R", 62.2, 31.5, 0, 0],
		[9, "C1_1", 874.01, 2334.64, "B", "SMD", "GND", "GND", "R", 55.51, 53.15, 0, 270],
		[10, "C1_2", 874.01, 2413.38, "B", "SMD", "+3V3", "", "R", 55.51, 53.15, 0, 270],
		[11, "C2_1", 2350.39, 1110.23, "B", "SMD", "GND", "GND", "R", 55.51, 53.15, 0, 270],
		[12, "C2_2", 2350.39, 1188.97, "B", "SMD", "U3_4", "", "R", 55.51, 53.15, 0, 270],
		[13, "C3_1", 2200.78, 1110.23, "B", "SMD", "GND", "GND", "R", 55.51, 53.15, 0, 270],
		[14, "C3_2", 2200.78, 1188.97, "B", "SMD", "U3_5", "", "R", 55.51, 53.15, 0, 270],
		[15, "CHR_1", 1293.34, 421.26, "T", "SMD", "U3_4", "", "R", 39, 43, 0, 90],
		[16, "CHR_2", 1226.34, 421.26, "T", "SMD", "CHR_2", "", "R", 39, 43, 0, 90],
		[17, "D1_1", 2374.01, 291.34, "B", "SMD", "BAT", "", "R", 78.74, 62.72, 0, 90],
		[18, "D1_2", 2374.01, 456.69, "B", "SMD", "BUZZER1_2", "", "R", 78.74, 62.72, 0, 90],
		[19, "D2_1", 1838.58, 2259.84, "B", "SMD", "BAT", "", "R", 78.74, 62.72, 0, 0],
		[20, "D2_2", 2003.93, 2259.84, "B", "SMD", "D2_2", "", "R", 78.74, 62.72, 0, 0],
		[21, "DOWN_1", 503.94, 482.28, "T", "SMD", "DOWN", "", "R", 62.2, 31.5, 0, 0],
		[22, "DOWN_2", 740.16, 482.28, "T", "SMD", "DOWN", "", "R", 62.2, 31.5, 0, 0],
		[23, "DOWN_3", 503.94, 336.62, "T", "SMD", "GND", "GND", "R", 62.2, 31.5, 0, 0],
		[24, "DOWN_4", 740.16, 336.62, "T", "SMD", "GND", "GND", "R", 62.2, 31.5, 0, 0],
		[25, "FULL_1", 1293.34, 547.24, "T", "SMD", "U3_4", "", "R", 39, 43, 0, 90],
		[26, "FULL_2", 1226.34, 547.24, "T", "SMD", "FULL_2", "", "R", 39, 43, 0, 90],
		[27, "J1_1", 1017.71, 2349.21, "T", "DIP", "GND", "GND", "R", 66.93, 66.93, 43.31, 180],
		[28, "J1_1", 1017.71, 2349.21, "B", "DIP", "GND", "GND", "R", 66.93, 66.93, 43.31, 180],
		[29, "J1_2", 1017.71, 2249.21, "T", "DIP", "GND", "GND", "C", 66.93, 66.93, 43.31, 180],
		[30, "J1_2", 1017.71, 2249.21, "B", "DIP", "GND", "GND", "C", 66.93, 66.93, 43.31, 180],
		[31, "J1_3", 1117.71, 2349.21, "T", "DIP", "+3V3", "", "C", 66.93, 66.93, 43.31, 180],
		[32, "J1_3", 1117.71, 2349.21, "B", "DIP", "+3V3", "", "C", 66.93, 66.93, 43.31, 180],
		[33, "J1_4", 1117.71, 2249.21, "T", "DIP", "BAT", "", "C", 66.93, 66.93, 43.31, 180],
		[34, "J1_4", 1117.71, 2249.21, "B", "DIP", "BAT", "", "C", 66.93, 66.93, 43.31, 180],
		[35, "J1_5", 1217.71, 2349.21, "T", "DIP", "GPIO28", "", "C", 66.93, 66.93, 43.31, 180],
		[36, "J1_5", 1217.71, 2349.21, "B", "DIP", "GPIO28", "", "C", 66.93, 66.93, 43.31, 180],
		[37, "J1_6", 1217.71, 2249.21, "T", "DIP", "ADC_VREF", "", "C", 66.93, 66.93, 43.31, 180],
		[38, "J1_6", 1217.71, 2249.21, "B", "DIP", "ADC_VREF", "", "C", 66.93, 66.93, 43.31, 180],
		[39, "J1_7", 1317.71, 2349.21, "T", "DIP", "GPIO27", "", "C", 66.93, 66.93, 43.31, 180],
		[40, "J1_7", 1317.71, 2349.21, "B", "DIP", "GPIO27", "", "C", 66.93, 66.93, 43.31, 180],
		[41, "J1_8", 1317.71, 2249.21, "T", "DIP", "AGND", "", "C", 66.93, 66.93, 43.31, 180],
		[42, "J1_8", 1317.71, 2249.21, "B", "DIP", "AGND", "", "C", 66.93, 66.93, 43.31, 180],
		[43, "J1_9", 1417.71, 2349.21, "T", "DIP", "GPIO0", "", "C", 66.93, 66.93, 43.31, 180],
		[44, "J1_9", 1417.71, 2349.21, "B", "DIP", "GPIO0", "", "C", 66.93, 66.93, 43.31, 180],
		[45, "J1_10", 1417.71, 2249.21, "T", "DIP", "GPIO26", "", "C", 66.93, 66.93, 43.31, 180],
		[46, "J1_10", 1417.71, 2249.21, "B", "DIP", "GPIO26", "", "C", 66.93, 66.93, 43.31, 180],
		[47, "J1_11", 1517.71, 2349.21, "T", "DIP", "GPIO1", "", "C", 66.93, 66.93, 43.31, 180],
		[48, "J1_11", 1517.71, 2349.21, "B", "DIP", "GPIO1", "", "C", 66.93, 66.93, 43.31, 180],
		[49, "J1_12", 1517.71, 2249.21, "T", "DIP", "GPIO14", "", "C", 66.93, 66.93, 43.31, 180],
		[50, "J1_12", 1517.71, 2249.21, "B", "DIP", "GPIO14", "", "C", 66.93, 66.93, 43.31, 180],
		[51, "LEFT_1", 267.72, 718.5, "T", "SMD", "LEFT", "", "R", 62.2, 31.5, 0, 0],
		[52, "LEFT_2", 503.94, 718.5, "T", "SMD", "LEFT", "", "R", 62.2, 31.5, 0, 0],
		[53, "LEFT_3", 267.72, 572.84, "T", "SMD", "GND", "GND", "R", 62.2, 31.5, 0, 0],
		[54, "LEFT_4", 503.94, 572.84, "T", "SMD", "GND", "GND", "R", 62.2, 31.5, 0, 0],
		[55, "Q1_1", 2194.88, 208.66, "B", "SMD", "Q1_1", "", "R", 49.21, 27.56, 0, 270],
		[56, "Q1_2", 2269.68, 208.66, "B", "SMD", "GND", "GND", "R", 49.21, 27.56, 0, 270],
		[57, "Q1_3", 2232.28, 129.92, "B", "SMD", "BUZZER1_2", "", "R", 49.21, 27.56, 0, 270],
		[58, "R1_1", 2086.61, 311.02, "B", "SMD", "SOUND", "", "R", 44.59, 54.21, 0, 90],
		[59, "R1_2", 2086.61, 232.28, "B", "SMD", "Q1_1", "", "R", 44.59, 54.21, 0, 90],
		[60, "R2_1", 2165.35, 1633.86, "B", "SMD", "VBUS", "", "R", 44.59, 54.21, 0, 180],
		[61, "R2_2", 2244.09, 1633.86, "B", "SMD", "U3_4", "", "R", 44.59, 54.21, 0, 180],
		[62, "R3_1", 2171.13, 1854.33, "B", "SMD", "U3_7", "", "R", 31.75, 34.02, 0, 180],
		[63, "R3_2", 2230.44, 1854.33, "B", "SMD", "CHR_2", "", "R", 31.75, 34.02, 0, 180],
		[64, "R4_1", 2230.44, 1984.24, "B", "SMD", "FULL_2", "", "R", 31.75, 34.02, 0, 0],
		[65, "R4_2", 2171.13, 1984.24, "B", "SMD", "U3_6", "", "R", 31.75, 34.02, 0, 0],
		[66, "R5_1", 2405.51, 1533.59, "B", "SMD", "GND", "GND", "R", 31.75, 34.02, 0, 90],
		[67, "R5_2", 2405.51, 1474.28, "B", "SMD", "U3_2", "", "R", 31.75, 34.02, 0, 90],
		[68, "R6_1", 1429.13, 734.12, "T", "SMD", "R6_1", "", "R", 31.75, 34.02, 0, 90],
		[69, "R6_2", 1429.13, 793.43, "T", "SMD", "+3V3", "", "R", 31.75, 34.02, 0, 90],
		[70, "R7_1", 1429.13, 556.96, "T", "SMD", "R7_1", "", "R", 31.75, 34.02, 0, 90],
		[71, "R7_2", 1429.13, 616.27, "T", "SMD", "+3V3", "", "R", 31.75, 34.02, 0, 90],
		[72, "RESET_1", 1141.77, 1127.99, "T", "SMD", "RESET", "", "R", 62.2, 31.5, 0, 0],
		[73, "RESET_2", 1377.99, 1127.99, "T", "SMD", "RESET", "", "R", 62.2, 31.5, 0, 0],
		[74, "RESET_3", 1141.77, 982.33, "T", "SMD", "GND", "GND", "R", 62.2, 31.5, 0, 0],
		[75, "RESET_4", 1377.99, 982.33, "T", "SMD", "GND", "GND", "R", 62.2, 31.5, 0, 0],
		[76, "RIGHT_1", 740.16, 726.37, "T", "SMD", "RIGHT", "", "R", 62.2, 31.5, 0, 0],
		[77, "RIGHT_2", 976.38, 726.37, "T", "SMD", "RIGHT", "", "R", 62.2, 31.5, 0, 0],
		[78, "RIGHT_3", 740.16, 580.71, "T", "SMD", "GND", "GND", "R", 62.2, 31.5, 0, 0],
		[79, "RIGHT_4", 976.38, 580.71, "T", "SMD", "GND", "GND", "R", 62.2, 31.5, 0, 0],
		[80, "SD_1", 1293.34, 673.23, "T", "SMD", "R7_1", "", "R", 39, 43, 0, 90],
		[81, "SD_2", 1226.34, 673.23, "T", "SMD", "SD_SPI1_CS", "", "R", 39, 43, 0, 90],
		[82, "SW1_1", 1909.45, 2444.88, "T", "DIP", "SW1_1", "", "C", 78.74, 78.74, 47.24, 180],
		[83, "SW1_1", 1909.45, 2444.88, "B", "DIP", "SW1_1", "", "C", 78.74, 78.74, 47.24, 180],
		[84, "SW1_2", 2027.56, 2444.88, "T", "DIP", "U3_5", "", "C", 78.74, 78.74, 47.24, 180],
		[85, "SW1_2", 2027.56, 2444.88, "B", "DIP", "U3_5", "", "C", 78.74, 78.74, 47.24, 180],
		[86, "SW1_3", 2145.67, 2444.88, "T", "DIP", "D2_2", "", "C", 78.74, 78.74, 47.24, 180],
		[87, "SW1_3", 2145.67, 2444.88, "B", "DIP", "D2_2", "", "C", 78.74, 78.74, 47.24, 180],
		[88, "SW1_4", 2279.53, 2452.75, "T", "DIP", "GND", "GND", "C", 78.74, 78.74, 47.24, 180],
		[89, "SW1_4", 2279.53, 2452.75, "B", "DIP", "GND", "GND", "C", 78.74, 78.74, 47.24, 180],
		[90, "SW1_5", 1775.59, 2452.75, "T", "DIP", "GND", "GND", "C", 78.74, 78.74, 47.24, 180],
		[91, "SW1_5", 1775.59, 2452.75, "B", "DIP", "GND", "GND", "C", 78.74, 78.74, 47.24, 180],
		[92, "TF1_1", 588.58, 2161.41, "B", "SMD", "TF1_1", "", "R", 27.56, 62.99, 0, 180],
		[93, "TF1_2", 545.28, 2161.41, "B", "SMD", "SD_SPI1_CS", "", "R", 27.56, 62.99, 0, 180],
		[94, "TF1_3", 501.97, 2161.41, "B", "SMD", "SD_SPI1_MOSI", "", "R", 27.56, 62.99, 0, 180],
		[95, "TF1_4", 458.66, 2161.41, "B", "SMD", "+3V3", "", "R", 27.56, 62.99, 0, 180],
		[96, "TF1_5", 415.35, 2161.41, "B", "SMD", "SD_SPI1_SCK", "", "R", 27.56, 62.99, 0, 180],
		[97, "TF1_6", 372.05, 2161.41, "B", "SMD", "GND", "GND", "R", 27.56, 62.99, 0, 180],
		[98, "TF1_7", 328.74, 2161.41, "B", "SMD", "SD_SPI1_MISO", "", "R", 27.56, 62.99, 0, 180],
		[99, "TF1_8", 285.43, 2161.41, "B", "SMD", "TF1_8", "", "R", 27.56, 62.99, 0, 180],
		[100, "TF1_9", 194.88, 2200.78, "B", "SMD", "TF1_9", "", "R", 59.05, 47.24, 0, 90],
		[101, "TF1_10", 194.88, 2578.74, "B", "SMD", "TF1_10", "", "R", 86.61, 47.24, 0, 90],
		[102, "TF1_11", 805.12, 2578.73, "B", "SMD", "TF1_11", "", "R", 86.61, 47.24, 0, 90],
		[103, "TF1_12", 769.69, 2200.78, "B", "SMD", "TF1_12", "", "R", 59.05, 62.99, 0, 90],
		[104, "TF1_CD", 242.13, 2161.41, "B", "SMD", "TF1_CD", "", "R", 27.56, 62.99, 0, 180],
		[105, "U1_1", 57.28, 2011.41, "B", "SMD", "GPIO0", "", "R", 62.99, 125.98, 0, 180],
		[106, "U1_2", 157.28, 2011.41, "B", "SMD", "GPIO1", "", "R", 62.99, 125.98, 0, 180],
		[107, "U1_3", 257.28, 2011.41, "B", "SMD", "GND", "GND", "R", 62.99, 125.98, 0, 180],
		[108, "U1_4", 357.28, 2011.41, "B", "SMD", "RIGHT", "", "R", 62.99, 125.98, 0, 180],
		[109, "U1_5", 457.28, 2011.41, "B", "SMD", "LEFT", "", "R", 62.99, 125.98, 0, 180],
		[110, "U1_6", 557.28, 2011.41, "B", "SMD", "UP", "", "R", 62.99, 125.98, 0, 180],
		[111, "U1_7", 657.28, 2011.41, "B", "SMD", "DOWN", "", "R", 62.99, 125.98, 0, 180],
		[112, "U1_8", 757.28, 2011.41, "B", "SMD", "GND", "GND", "R", 62.99, 125.98, 0, 180],
		[113, "U1_9", 857.28, 2011.41, "B", "SMD", "B", "", "R", 62.99, 125.98, 0, 180],
		[114, "U1_10", 957.28, 2011.41, "B", "SMD", "A", "", "R", 62.99, 125.98, 0, 180],
		[115, "U1_11", 1057.28, 2011.41, "B", "SMD", "Y", "", "R", 62.99, 125.98, 0, 180],
		[116, "U1_12", 1157.28, 2011.41, "B", "SMD", "X", "", "R", 62.99, 125.98, 0, 180],
		[117, "U1_13", 1257.28, 2011.41, "B", "SMD", "GND", "GND", "R", 62.99, 125.98, 0, 180],
		[118, "U1_14", 1357.28, 2011.41, "B", "SMD", "SD_SPI1_SCK", "", "R", 62.99, 125.98, 0, 180],
		[119, "U1_15", 1457.28, 2011.41, "B", "SMD", "SD_SPI1_MOSI", "", "R", 62.99, 125.98, 0, 180],
		[120, "U1_16", 1557.28, 2011.41, "B", "SMD", "SD_SPI1_MISO", "", "R", 62.99, 125.98, 0, 180],
		[121, "U1_17", 1657.28, 2011.41, "B", "SMD", "SD_SPI1_CS", "", "R", 62.99, 125.98, 0, 180],
		[122, "U1_18", 1757.28, 2011.41, "B", "SMD", "GND", "GND", "R", 62.99, 125.98, 0, 180],
		[123, "U1_19", 1857.28, 2011.41, "B", "SMD", "GPIO14", "", "R", 62.99, 125.98, 0, 180],
		[124, "U1_20", 1957.28, 2011.41, "B", "SMD", "SOUND", "", "R", 62.99, 125.98, 0, 180],
		[125, "U1_21", 1957.28, 1248.42, "B", "SMD", "LCD_BL", "", "R", 62.99, 125.98, 0, 180],
		[126, "U1_22", 1857.28, 1248.42, "B", "SMD", "LCD_DC", "", "R", 62.99, 125.98, 0, 180],
		[127, "U1_23", 1757.28, 1248.42, "B", "SMD", "GND", "GND", "R", 62.99, 125.98, 0, 180],
		[128, "U1_24", 1657.28, 1248.42, "B", "SMD", "LCS_SCK", "", "R", 62.99, 125.98, 0, 180],
		[129, "U1_25", 1557.28, 1248.42, "B", "SMD", "LCD_MOSI", "", "R", 62.99, 125.98, 0, 180],
		[130, "U1_26", 1457.28, 1248.42, "B", "SMD", "LCD_RES", "", "R", 62.99, 125.98, 0, 180],
		[131, "U1_27", 1357.28, 1248.42, "B", "SMD", "LCD_CS", "", "R", 62.99, 125.98, 0, 180],
		[132, "U1_28", 1257.28, 1248.42, "B", "SMD", "GND", "GND", "R", 62.99, 125.98, 0, 180],
		[133, "U1_29", 1157.28, 1248.42, "B", "SMD", "LED1", "", "R", 62.99, 125.98, 0, 180],
		[134, "U1_30", 1057.28, 1248.42, "B", "SMD", "RESET", "", "R", 62.99, 125.98, 0, 180],
		[135, "U1_31", 957.28, 1248.42, "B", "SMD", "GPIO26", "", "R", 62.99, 125.98, 0, 180],
		[136, "U1_32", 857.28, 1248.42, "B", "SMD", "GPIO27", "", "R", 62.99, 125.98, 0, 180],
		[137, "U1_33", 757.28, 1248.42, "B", "SMD", "AGND", "", "R", 62.99, 125.98, 0, 180],
		[138, "U1_34", 657.28, 1248.42, "B", "SMD", "GPIO28", "", "R", 62.99, 125.98, 0, 180],
		[139, "U1_35", 557.28, 1248.42, "B", "SMD", "ADC_VREF", "", "R", 62.99, 125.98, 0, 180],
		[140, "U1_36", 457.28, 1248.42, "B", "SMD", "+3V3", "", "R", 62.99, 125.98, 0, 180],
		[141, "U1_37", 357.28, 1248.42, "B", "SMD", "U1_37", "", "R", 62.99, 125.98, 0, 180],
		[142, "U1_38", 257.28, 1248.42, "B", "SMD", "GND", "GND", "R", 62.99, 125.98, 0, 180],
		[143, "U1_39", 157.28, 1248.42, "B", "SMD", "BAT", "", "R", 62.99, 125.98, 0, 180],
		[144, "U1_40", 57.28, 1248.42, "B", "SMD", "VBUS", "", "R", 62.99, 125.98, 0, 180],
		[145, "U1_TP1", 180.51, 1629.91, "B", "SMD", "U1_TP1", "", "R", 59.05, 59.05, 0, 180],
		[146, "U1_TP2", 50.59, 1590.54, "B", "SMD", "U1_TP2", "", "R", 59.05, 59.05, 0, 180],
		[147, "U1_TP3", 50.59, 1669.28, "B", "SMD", "U1_TP3", "", "R", 59.05, 59.05, 0, 180],
		[148, "U1_TP4", 377.36, 1728.34, "B", "SMD", "U1_TP4", "", "R", 59.05, 59.05, 0, 180],
		[149, "U1_TP5", 475.78, 1728.34, "B", "SMD", "U1_TP5", "", "R", 59.05, 59.05, 0, 180],
		[150, "U1_TP6", 574.21, 1728.34, "B", "SMD", "U1_TP6", "", "R", 59.05, 59.05, 0, 180],
		[151, "U2_1", 2377.95, 1646.06, "T", "DIP", "+3V3", "", "C", 60, 60, 36, 180],
		[152, "U2_1", 2377.95, 1646.06, "B", "DIP", "+3V3", "", "C", 60, 60, 36, 180],
		[153, "U2_2", 2377.95, 1746.06, "T", "DIP", "GND", "GND", "C", 60, 60, 36, 180],
		[154, "U2_2", 2377.95, 1746.06, "B", "DIP", "GND", "GND", "C", 60, 60, 36, 180],
		[155, "U2_3", 2377.95, 1846.06, "T", "DIP", "LCD_MOSI", "", "C", 60, 60, 36, 180],
		[156, "U2_3", 2377.95, 1846.06, "B", "DIP", "LCD_MOSI", "", "C", 60, 60, 36, 180],
		[157, "U2_4", 2377.95, 1946.06, "T", "DIP", "LCS_SCK", "", "C", 60, 60, 36, 180],
		[158, "U2_4", 2377.95, 1946.06, "B", "DIP", "LCS_SCK", "", "C", 60, 60, 36, 180],
		[159, "U2_5", 2377.95, 2046.06, "T", "DIP", "LCD_CS", "", "C", 60, 60, 36, 180],
		[160, "U2_5", 2377.95, 2046.06, "B", "DIP", "LCD_CS", "", "C", 60, 60, 36, 180],
		[161, "U2_6", 2377.95, 2146.06, "T", "DIP", "LCD_DC", "", "C", 60, 60, 36, 180],
		[162, "U2_6", 2377.95, 2146.06, "B", "DIP", "LCD_DC", "", "C", 60, 60, 36, 180],
		[163, "U2_7", 2377.95, 2246.06, "T", "DIP", "LCD_RES", "", "C", 60, 60, 36, 180],
		[164, "U2_7", 2377.95, 2246.06, "B", "DIP", "LCD_RES", "", "C", 60, 60, 36, 180],
		[165, "U2_8", 2377.95, 2346.06, "T", "DIP", "LCD_BL", "", "R", 60, 60, 36, 180],
		[166, "U2_8", 2377.95, 2346.06, "B", "DIP", "LCD_BL", "", "R", 60, 60, 36, 180],
		[167, "U3_1", 2319.22, 1519.88, "B", "SMD", "GND", "GND", "R", 23.62, 47.24, 0, 90],
		[168, "U3_2", 2319.22, 1469.88, "B", "SMD", "U3_2", "", "R", 23.62, 47.24, 0, 90],
		[169, "U3_3", 2319.22, 1419.88, "B", "SMD", "GND", "GND", "R", 23.62, 47.24, 0, 90],
		[170, "U3_4", 2319.22, 1369.88, "B", "SMD", "U3_4", "", "R", 23.62, 47.24, 0, 90],
		[171, "U3_5", 2090.22, 1369.88, "B", "SMD", "U3_5", "", "R", 23.62, 47.24, 0, 90],
		[172, "U3_6", 2090.22, 1419.88, "B", "SMD", "U3_6", "", "R", 23.62, 47.24, 0, 90],
		[173, "U3_7", 2090.22, 1469.88, "B", "SMD", "U3_7", "", "R", 23.62, 47.24, 0, 90],
		[174, "U3_8", 2090.22, 1519.88, "B", "SMD", "U3_4", "", "R", 23.62, 47.24, 0, 90],
		[175, "U3_9", 2204.72, 1444.88, "B", "SMD", "GND", "GND", "R", 129.92, 94.49, 0, 270],
		[176, "U4_1", 2458.66, 731.3, "B", "SMD", "U3_5", "", "R", 31.5, 62.99, 0, 90],
		[177, "U4_2", 2458.66, 780.51, "B", "SMD", "GND", "GND", "R", 31.5, 62.99, 0, 90],
		[178, "U4_3", 2344.49, 630.9, "B", "SMD", "GND", "GND", "R", 82.68, 118.11, 0, 90],
		[179, "U4_4", 2344.49, 880.9, "B", "SMD", "GND", "GND", "R", 82.68, 118.11, 0, 90],
		[180, "UP_1", 503.94, 954.72, "T", "SMD", "UP", "", "R", 62.2, 31.5, 0, 0],
		[181, "UP_2", 740.16, 954.72, "T", "SMD", "UP", "", "R", 62.2, 31.5, 0, 0],
		[182, "UP_3", 503.94, 809.06, "T", "SMD", "GND", "GND", "R", 62.2, 31.5, 0, 0],
		[183, "UP_4", 740.16, 809.06, "T", "SMD", "GND", "GND", "R", 62.2, 31.5, 0, 0],
		[184, "USR_1", 1293.34, 799.21, "T", "SMD", "R6_1", "", "R", 39, 43, 0, 90],
		[185, "USR_2", 1226.34, 799.21, "T", "SMD", "LED1", "", "R", 39, 43, 0, 90],
		[186, "X_1", 1551.17, 907.49, "T", "SMD", "X", "", "R", 62.2, 31.5, 0, 0],
		[187, "X_2", 1787.39, 907.49, "T", "SMD", "X", "", "R", 62.2, 31.5, 0, 0],
		[188, "X_3", 1551.17, 761.83, "T", "SMD", "GND", "GND", "R", 62.2, 31.5, 0, 0],
		[189, "X_4", 1787.39, 761.83, "T", "SMD", "GND", "GND", "R", 62.2, 31.5, 0, 0],
		[190, "Y_1", 1999.97, 1009.79, "T", "SMD", "Y", "", "R", 62.2, 31.5, 0, 0],
		[191, "Y_2", 2236.19, 1009.79, "T", "SMD", "Y", "", "R", 62.2, 31.5, 0, 0],
		[192, "Y_3", 1999.97, 864.13, "T", "SMD", "GND", "GND", "R", 62.2, 31.5, 0, 0],
		[193, "Y_4", 2236.19, 864.13, "T", "SMD", "GND", "GND", "R", 62.2, 31.5, 0, 0],
		[194, "PAD1_1", 2086.61, 7.87, "B", "SMD", "BAT", "", "O", 78.74, 39.37, 0, 180],
		[195, "PAD2_1", 2086.61, -94.49, "B", "SMD", "BUZZER1_2", "", "R", 78.74, 39.37, 0, 0]
	]
}
}